interation	MSE
0,0.0169642
1,0.0158269
2,0.0150294
3,0.0143899
4,0.0138272
5,0.0133
6,0.0127865
7,0.0122744
